{
  "type": "minecraft:crafting_shapeless",
  "ingredients": [
    {
      "item": "minecraft:diamond_block"
    },
    {
      "item": "minecraft:gold_block"
    },
    {
      "item": "minecraft:iron_block"
    },
    {
      "item": "minecraft:emerald_block"
    },
    {
      "item": "minecraft:amethyst_block"
    },
    {
      "item": "minecraft:copper_block"
    },
    {
      "item": "minecraft:quartz_block"
    },
    {
      "item": "minecraft:lapis_block"
    },
    {
      "item": "minecraft:redstone_block"
    }


  ],
  "result": {
    "count": 3,
    "item": "searchcrafter:sunanium"
  }
}